{"cameraMode":{"drawMode":0,"name":"Shaded","section":"Shading Mode"},"sceneLighting":true,"audioPlay":false,"sceneViewState":{"m_AlwaysRefresh":false,"showFog":true,"showSkybox":true,"showFlares":true,"showImageEffects":true,"showParticleSystems":true,"showVisualEffectGraphs":true,"m_FxEnabled":true},"in2DMode":false,"pivot":{"x":5.046451568603516,"y":-0.5291798710823059,"z":0.6324596405029297},"rotation":{"x":-0.0976494625210762,"y":-0.009856712073087693,"z":0.0009621059289202094,"w":-0.9951744079589844},"size":15.266226768493653,"orthographic":false}