{"cameraMode":{"drawMode":0,"name":"Shaded","section":"Shading Mode"},"sceneLighting":true,"audioPlay":false,"sceneViewState":{"m_AlwaysRefresh":false,"showFog":true,"showSkybox":true,"showFlares":true,"showImageEffects":true,"showParticleSystems":true,"showVisualEffectGraphs":true,"m_FxEnabled":true},"in2DMode":false,"pivot":{"x":49.169334411621097,"y":24.778791427612306,"z":2.516313076019287},"rotation":{"x":-0.0976494625210762,"y":-0.009856712073087693,"z":0.0009621059289202094,"w":-0.9951744079589844},"size":152.6529541015625,"orthographic":false}