{"cameraMode":{"drawMode":0,"name":"Shaded","section":"Shading Mode"},"sceneLighting":true,"audioPlay":false,"sceneViewState":{"m_AlwaysRefresh":false,"showFog":true,"showSkybox":true,"showFlares":true,"showImageEffects":true,"showParticleSystems":true,"showVisualEffectGraphs":true,"m_FxEnabled":true},"in2DMode":false,"pivot":{"x":17.026044845581056,"y":-0.3530768156051636,"z":0.344290167093277},"rotation":{"x":-0.24088820815086366,"y":0.015135289169847966,"z":-0.0037606917321681978,"w":-0.9704339504241943},"size":27.350872039794923,"orthographic":false}